,cliente_id,calificacion,fecha,texto,fuente,producto_id,codigo,pais,ciudad,y,polaridad,pred_rl,est_pred,pred_nlptown,pred_cardiff,puntaje,aspecto,aspecto_sim,trimestre,gravedad,desvio
188,65,5,2025-07-17,El Galaxy Watch se sincronizo con mi telefono en segundos apenas lo active.,resena,53.0,C-ec6145f4,Colombia,Cartagena,pos,1.0,pos,1,neg,neu,-0.9046368291601539,funcionamiento,0.457,2025Q3,2,1.9046368291601539
238,21,5,2025-02-08,"La Xbox se actualizo sola apenas la conecte a internet, lista para jugar en poco tiempo.",resena,43.0,C-2b4fd520,Peru,Puno,pos,1.0,neu,2,neg,neu,-0.6158179454505444,sitio web y app,0.299,2025Q1,2,1.6158179454505444
198,1,5,2025-06-15,La instalacion del Sony Bravia estuvo lista en menos de una hora gracias al tecnico.,resena,33.0,C-e0421af5,Peru,Lima,pos,1.0,pos,1,neg,pos,-0.5186182968318462,funcionamiento,0.337,2025Q2,2,1.5186182968318462
150,72,1,2024-11-24,"Recibi el pedido con los audifonos SteelSeries de un color distinto al solicitado, sin ninguna indicacion previa del cambio en el pedido.",resena,49.0,C-84bd6f0a,Argentina,Buenos Aires,neg,-1.0,neg,4,pos,neu,0.3648638650774956,estado del producto,0.378,2024Q4,2,1.3648638650774956
183,39,5,2025-08-02,"Cuando tuve una duda sobre la garantia de la Acer, me respondieron el mismo dia.",resena,18.0,C-d75ac387,Peru,Chiclayo,pos,1.0,pos,1,neg,neu,-0.3598392754793167,pagos y facturación,0.448,2025Q3,2,1.3598392754793167
161,38,4,2024-10-12,El kit Philips Hue llego completo pero la caja exterior mostraba senales de haber sido abierta antes del envio. El contenido interno estaba intacto y sellado.,resena,75.0,C-52896363,Peru,Piura,pos,0.5,neg,2,neg,neu,-0.7587364255450666,estado del producto,0.509,2024Q4,2,1.2587364255450666
206,49,2,2024-05-01,El reloj Garmin llego con la correa de un color distinto al que aparecia en las fotos del producto. El equipo en si funciona correctamente.,resena,54.0,C-07f84fec,Chile,La Serena,neg,-0.5,neg,4,pos,neu,0.6474683219566941,funcionamiento,0.466,2024Q2,2,1.1474683219566941
189,65,4,2024-06-30,"El cable Anker llego junto con otros productos de mi pedido, todo en un solo envio.",resena,83.0,C-ec6145f4,Colombia,Cartagena,pos,0.5,pos,1,neg,neu,-0.5865831188857555,precio y catálogo,0.308,2024Q2,2,1.0865831188857555
144,101,4,2024-12-22,El Amazfit se sincronizo sin problemas con la app apenas lo encendi.,resena,58.0,C-da5cf8f2,Mexico,Ciudad de Mexico,pos,0.5,pos,1,neg,pos,-0.5517357364296913,sitio web y app,0.51,2024Q4,2,1.0517357364296913
173,35,5,2024-08-25,"La webcam Logitech llego al dia siguiente de realizar el pedido. Todo llego completo, con caja original y sellada.",resena,90.0,C-24208d51,Peru,Trujillo,pos,1.0,pos,1,neg,neu,-0.03354855626821518,funcionamiento,0.367,2024Q3,2,1.0335485562682152
