calificacion,fecha,texto,fuente,producto_id,codigo,pais,ciudad,y,polaridad,pred_rl,est_pred,pred_nlptown,pred_cardiff,puntaje,aspecto,aspecto_sim,trimestre,aspecto_nli
5,2026-08-13,El proceso de facturacion para empresa fue mas simple de lo que esperaba.,comentario,,C-24208d51,Peru,Trujillo,pos,1.0,neg,3,neu,pos,-0.20502572506666183,precio y catálogo,0.343,2026Q3,pagos y facturación
3,2026-08-10,"En general cumple lo que promete, ni mejor ni peor que otras tiendas de tecnologia que he probado.",comentario,,C-f8d6da79,Ecuador,Cuenca,neu,0.0,pos,4,pos,pos,0.683978084474802,precio y catálogo,0.508,2026Q3,entrega
4,2026-08-08,"Buena tienda en general, seguire comprando aqui mis proximos equipos.",comentario,,C-c36ca08f,Peru,Arequipa,pos,0.5,pos,4,pos,pos,0.8868303033523262,precio y catálogo,0.611,2026Q3,funcionamiento
3,2026-08-01,El envio internacional tardo mas dias de los indicados originalmente.,comentario,,C-270b521f,Peru,Lima,neu,0.0,neg,2,neg,neu,-0.5004422403872013,entrega,0.454,2026Q3,entrega
3,2026-07-27,El proceso de devolucion fue sencillo de iniciar aunque tomo unos dias en confirmarse.,comentario,,C-de21d9b1,Argentina,Rosario,neu,0.0,neu,1,neg,neu,-0.7226952444761992,entrega,0.391,2026Q3,entrega
5,2026-07-18,Muy buena atencion personalizada cuando pregunte por disponibilidad de un modelo agotado.,comentario,,C-8e60de21,Peru,Chimbote,pos,1.0,pos,5,pos,pos,0.9144722735509276,atención y soporte,0.358,2026Q3,atención y soporte
4,2026-07-04,El soporte me oriento bien sobre compatibilidad de accesorios con mi equipo.,comentario,,C-54449aaa,Peru,Tacna,pos,0.5,pos,4,pos,pos,0.6002598642371595,funcionamiento,0.428,2026Q3,atención y soporte
3,2026-06-29,El catalogo de marcas es decente aunque hay ciertos modelos que nunca llegan a tener stock.,comentario,,C-38c7944b,Argentina,Mendoza,neu,0.0,pos,3,neu,neg,0.058564615435898304,precio y catálogo,0.551,2026Q2,estado del producto
5,2026-06-20,"La experiencia de compra en oferta de temporada fue muy fluida, sin caidas del sitio.",comentario,,C-42c83184,Peru,Iquitos,pos,1.0,pos,5,pos,pos,0.9005282036960125,precio y catálogo,0.402,2026Q2,funcionamiento
3,2026-06-06,El registro de reclamos deberia enviar actualizaciones automaticas por correo.,comentario,,C-643cd561,Peru,Piura,neu,0.0,pos,1,neg,neu,-0.3423174247145653,atención y soporte,0.414,2026Q2,atención y soporte
3,2026-06-01,"La experiencia de compra es correcta, sin contratiempos importantes en mis ultimas ordenes.",comentario,,C-84bd6f0a,Argentina,Buenos Aires,neu,0.0,pos,4,pos,pos,0.5336411138996482,precio y catálogo,0.524,2026Q2,funcionamiento
4,2026-05-23,El sitio recuerda mis busquedas anteriores y sugiere productos relacionados de forma acertada.,comentario,,C-c180f673,Peru,Cusco,pos,0.5,pos,5,pos,pos,0.9162365379743278,precio y catálogo,0.466,2026Q2,atención y soporte
5,2026-05-09,Muy satisfecho con la claridad de las politicas de garantia antes de comprar.,comentario,,C-94282877,Peru,Lima,pos,1.0,pos,5,pos,pos,0.9765390483662486,precio y catálogo,0.435,2026Q2,estado del producto
3,2026-05-04,"Es una tienda confiable en general, aunque los precios no siempre son los mas bajos del mercado.",comentario,,C-d79dfb3c,Colombia,Bogota,neu,0.0,neu,4,pos,neu,0.5105492200236768,precio y catálogo,0.592,2026Q2,funcionamiento
5,2026-05-03,"Es mi tienda de tecnologia preferida desde hace varios meses, siempre encuentro lo que busco. La atencion al cliente marca una diferencia real frente a otras opciones.",comentario,,C-c0312475,Chile,La Serena,pos,1.0,pos,5,pos,pos,0.9738205916946754,precio y catálogo,0.482,2026Q2,atención y soporte
2,2026-04-25,El proceso de cambio de producto por otro modelo fue mas lento de lo esperado.,comentario,,C-8256c675,Uruguay,Montevideo,neg,-0.5,neu,2,neg,neg,-0.6528885154984891,funcionamiento,0.461,2026Q2,funcionamiento
5,2026-04-11,Me gusto poder guardar varias direcciones de envio para regalos.,comentario,,C-45e34890,Uruguay,Punta del Este,pos,1.0,pos,4,pos,pos,0.4768109330907464,precio y catálogo,0.47,2026Q2,entrega
3,2026-04-06,"El tiempo de respuesta del correo de soporte es aceptable, normalmente en menos de 24 horas.",comentario,,C-4aebaa21,Colombia,Cali,neu,0.0,pos,3,neu,neu,0.4112028330564499,entrega,0.472,2026Q2,entrega
4,2026-04-05,"Muy buena atencion cuando pregunte por la disponibilidad de un modelo agotado. Me avisaron apenas volvio a stock, tal como prometieron.",comentario,,C-e669618c,Chile,Santiago,pos,0.5,pos,5,pos,pos,0.13266655802726746,precio y catálogo,0.428,2026Q2,estado del producto
4,2026-03-28,"Buena experiencia general, aunque el sitio podria cargar mas rapido en horas pico.",comentario,,C-e20e1093,Mexico,Ciudad de Mexico,pos,0.5,neu,4,pos,pos,0.709193343995139,precio y catálogo,0.48,2026Q1,funcionamiento
4,2026-03-14,El tiempo de respuesta por WhatsApp fue mejor que por correo electronico.,comentario,,C-3d1a1491,Mexico,Monterrey,pos,0.5,neu,3,neu,neu,0.2934238389134407,entrega,0.359,2026Q1,entrega
3,2026-03-09,"El servicio postventa cumple lo basico, sin ser excepcional ni deficiente.",comentario,,C-ebc327d1,Chile,Santiago,neu,0.0,pos,3,neu,neu,0.27783825993537903,estado del producto,0.396,2026Q1,atención y soporte
3,2026-03-08,El diseno del sitio es agradable pero en modo oscuro algunos textos son dificiles de leer. Pequenos ajustes de contraste mejorarian mucho la experiencia.,comentario,,C-d75ac387,Peru,Chiclayo,neu,0.0,neu,3,neu,neg,-0.1604411555454135,sitio web y app,0.404,2026Q1,funcionamiento
5,2026-02-28,Excelente que muestren opiniones verificadas de compradores reales.,comentario,,C-4bffad39,Mexico,Ciudad de Mexico,pos,1.0,pos,5,pos,pos,0.9716681956779212,precio y catálogo,0.601,2026Q1,atención y soporte
3,2026-02-14,La seccion de preguntas frecuentes no cubre todos los casos que tuve.,comentario,,C-de04a584,Ecuador,Cuenca,neu,0.0,neg,2,neg,neg,-0.6055498258210719,entrega,0.291,2026Q1,atención y soporte
3,2026-02-09,Las descripciones de producto son suficientes aunque podrian incluir mas fotos desde distintos angulos.,comentario,,C-aecfd049,Chile,Concepcion,neu,0.0,pos,3,neu,neu,0.1063690623268485,precio y catálogo,0.418,2026Q1,entrega
5,2026-02-08,La comparacion de especificaciones tecnicas me ayudo muchisimo a elegir entre dos laptops similares. Es justo el tipo de informacion que uno busca antes de invertir en tecnologia.,comentario,,C-f360d379,Peru,Cusco,pos,1.0,pos,5,pos,pos,0.9115813951939344,funcionamiento,0.353,2026Q1,estado del producto
5,2026-01-31,El soporte tecnico me ayudo a elegir entre dos laptops segun mi uso real.,comentario,,C-6e7e30a9,Ecuador,Quito,pos,1.0,pos,5,pos,pos,0.8868089127354324,funcionamiento,0.294,2026Q1,atención y soporte
4,2026-01-17,"Buena experiencia comprando desde el extranjero, el sitio calculo bien los impuestos locales.",comentario,,C-f8d6da79,Ecuador,Cuenca,pos,0.5,pos,4,pos,pos,0.8773083600681275,precio y catálogo,0.46,2026Q1,pagos y facturación
3,2026-01-12,"El proceso de pago es estandar, similar a lo que ya conozco de otras tiendas en linea.",comentario,,C-0b1d5269,Chile,Santiago,neu,0.0,neu,4,pos,neu,0.6557433810085058,pagos y facturación,0.48,2026Q1,funcionamiento
2,2026-01-11,El tiempo de espera del chat de soporte fue bastante largo un fin de semana. Entiendo que hay menos personal pero deberian avisar el tiempo estimado de espera.,comentario,,C-270b521f,Peru,Lima,neg,-0.5,neu,3,neu,neg,-0.42589147528633475,entrega,0.592,2026Q1,atención y soporte
2,2026-01-03,El filtro de precio no se actualiza correctamente al combinarlo con marca.,comentario,,C-1b3fcf09,Ecuador,Quito,neg,-0.5,neu,2,neg,neg,-0.5260679163038731,entrega,0.429,2026Q1,pagos y facturación
5,2025-12-20,La confirmacion de pedido llega de inmediato al correo con todos los detalles.,comentario,,C-79ea2bb5,Argentina,Buenos Aires,pos,1.0,pos,5,pos,neu,0.5244903191924095,entrega,0.431,2025Q4,entrega
3,2025-12-15,"La app funciona correctamente la mayoria del tiempo, con alguna que otra pausa al cargar imagenes.",comentario,,C-513c5c5a,Peru,Trujillo,neu,0.0,neu,4,pos,neu,0.7664678038563579,funcionamiento,0.462,2025Q4,funcionamiento
4,2025-12-14,"Muy buena experiencia general, el catalogo de electronica es amplio y los precios son justos. Volvere a comprar sin dudarlo para mi proximo equipo.",comentario,,C-2b4fd520,Peru,Puno,pos,0.5,pos,5,pos,pos,0.9859328012680635,precio y catálogo,0.666,2025Q4,precio y catálogo
4,2025-12-06,"El sitio permite comparar hasta tres productos a la vez, muy util para decidir.",comentario,,C-38c7944b,Argentina,Mendoza,pos,0.5,pos,4,pos,pos,0.9173907693475485,precio y catálogo,0.419,2025Q4,sitio web y app
5,2025-11-22,Muy conforme con la rapidez para resolver un reclamo por un cargo duplicado.,comentario,,C-4c714bba,Argentina,Cordoba,pos,1.0,pos,5,pos,pos,0.9704630051273853,atención y soporte,0.421,2025Q4,funcionamiento
3,2025-11-17,Las ofertas son interesantes aunque no siempre coinciden con lo que estoy buscando en el momento.,comentario,,C-0a1c3889,Peru,Lima,neu,0.0,neg,3,neu,neu,0.2789875906892121,precio y catálogo,0.697,2025Q4,entrega
1,2025-11-16,Pedi una factura por RUC y me la enviaron con datos incorrectos dos veces seguidas. Recien a la tercera solicitud lograron corregirla bien.,comentario,,C-42c83184,Peru,Iquitos,neg,-1.0,pos,1,neg,neg,-0.6870181374251842,pagos y facturación,0.626,2025Q4,pagos y facturación
3,2025-11-08,El proceso de canje de puntos podria explicarse mejor en la pagina de ayuda.,comentario,,C-1dcb1d12,Colombia,Cartagena,neu,0.0,neu,3,neu,neu,-0.13808227702975273,atención y soporte,0.381,2025Q4,funcionamiento
4,2025-10-25,Los videos de producto ayudan mucho a entender el tamano real de cada articulo.,comentario,,C-d79dfb3c,Colombia,Bogota,pos,0.5,pos,4,pos,pos,0.8646813216619194,sitio web y app,0.263,2025Q4,entrega
3,2025-10-20,"El soporte responde en tiempos razonables, ni muy rapido ni muy lento comparado con otras tiendas.",comentario,,C-98365475,Peru,Cajamarca,neu,0.0,pos,4,pos,neu,0.4970060405321419,precio y catálogo,0.466,2025Q4,atención y soporte
4,2025-10-19,"Buena seleccion de opciones de pago, use la tarjeta de credito sin ningun problema. El unico detalle fue la demora de un par de minutos en la confirmacion.",comentario,,C-8b5d7edd,Peru,Trujillo,pos,0.5,neu,4,pos,neu,0.8408998838858679,pagos y facturación,0.443,2025Q4,pagos y facturación
5,2025-10-11,El servicio postventa fue excelente cuando necesite activar la garantia de mi laptop.,comentario,,C-14a60d4e,Colombia,Barranquilla,pos,1.0,pos,5,pos,pos,0.8004724998027086,funcionamiento,0.501,2025Q4,atención y soporte
1,2025-09-27,Compre un producto marcado como disponible y luego me avisaron que no habia stock.,comentario,,C-df262fa5,Colombia,Medellin,neg,-1.0,neg,1,neg,neg,-0.7587752137333155,pagos y facturación,0.484,2025Q3,estado del producto
3,2025-09-22,"El proceso de registro es sencillo, aunque pide confirmar el correo un paso adicional que otros sitios no piden.",comentario,,C-0b825705,Peru,Tacna,neu,0.0,neu,3,neu,neu,-0.005650106817483902,atención y soporte,0.355,2025Q3,funcionamiento
3,2025-09-21,La app movil a veces se cierra sola cuando cambio de pantalla muy rapido. Fuera de eso funciona bien para navegar el catalogo.,comentario,,C-94282877,Peru,Lima,neu,0.0,pos,3,neu,neg,0.07393714413046837,sitio web y app,0.437,2025Q3,funcionamiento
4,2025-09-13,El checkout como invitado es rapido si no quieres crear una cuenta.,comentario,,C-ebc327d1,Chile,Santiago,pos,0.5,neu,3,neu,neu,0.2595204673707485,sitio web y app,0.39,2025Q3,pagos y facturación
5,2025-08-30,Muy buena experiencia usando el asistente virtual del sitio para resolver dudas rapidas.,comentario,,C-c0312475,Chile,La Serena,pos,1.0,pos,5,pos,pos,0.9787233222741634,atención y soporte,0.409,2025Q3,atención y soporte
3,2025-08-25,La variedad de categorias es buena aunque siento que podria ampliarse un poco mas en accesorios.,comentario,,C-a880491c,Peru,Chiclayo,neu,0.0,pos,3,neu,pos,0.31903275568038225,precio y catálogo,0.471,2025Q3,estado del producto
5,2025-08-24,El soporte por WhatsApp fue rapido y resolvio mi duda sobre compatibilidad de accesorios en minutos. Mucho mejor experiencia que escribir por correo.,comentario,,C-8256c675,Uruguay,Montevideo,pos,1.0,pos,5,pos,pos,0.3570478782057762,funcionamiento,0.409,2025Q3,atención y soporte
3,2025-08-16,"Las opciones de pago en cuotas varian bastante segun el banco, seria bueno mas claridad.",comentario,,C-d5a794e6,Chile,Valparaiso,neu,0.0,pos,3,neu,neu,-0.1886168336495757,pagos y facturación,0.481,2025Q3,pagos y facturación
4,2025-08-02,El buscador reconoce bien aunque escriba el nombre del producto con errores.,comentario,,C-0b1d5269,Chile,Santiago,pos,0.5,neu,3,neu,neu,0.07760242372751236,pagos y facturación,0.291,2025Q3,funcionamiento
3,2025-07-28,El sitio funciona bien en general aunque algunas paginas tardan un poco mas de lo esperado en cargar.,comentario,,C-0b490037,Peru,Cusco,neu,0.0,neu,3,neu,neu,0.2747788287233561,sitio web y app,0.589,2025Q3,funcionamiento
2,2025-07-27,El correo de bienvenida ofrecia un descuento que nunca pude aplicar en el checkout. Escribi a soporte pero no me dieron una explicacion clara.,comentario,,C-d2337171,Uruguay,Montevideo,neg,-0.5,neg,2,neg,neg,-0.5982572035863996,pagos y facturación,0.551,2025Q3,atención y soporte
5,2025-07-19,Recomendaria esta tienda a cualquiera que busque tecnologia con buena garantia.,comentario,,C-52896363,Peru,Piura,pos,1.0,pos,5,pos,pos,0.8982816361822188,precio y catálogo,0.468,2025Q3,estado del producto
2,2025-07-05,La factura electronica llego con datos incorrectos y tuve que pedir que la corrigieran.,comentario,,C-dd3ae7b2,Peru,Cusco,neg,-0.5,neg,1,neg,neg,-0.7642155466601253,pagos y facturación,0.777,2025Q3,entrega
1,2025-06-30,Un vendedor de soporte me dio informacion incorrecta sobre un plazo de entrega y tuve que reprogramar mis planes.,comentario,,C-67dc5f41,Uruguay,Montevideo,neg,-1.0,neg,1,neg,neg,-0.8304929165169597,entrega,0.542,2025Q2,entrega
4,2025-06-29,Me gusto poder comparar hasta tres productos a la vez antes de decidir. Esa funcion me ahorro bastante tiempo en la busqueda.,comentario,,C-3d1a1491,Mexico,Monterrey,pos,0.5,pos,4,pos,pos,0.7800761018879712,precio y catálogo,0.439,2025Q2,funcionamiento
4,2025-06-21,El catalogo de electrodomesticos inteligentes es mas amplio que en otras tiendas que visite.,comentario,,C-0a1c3889,Peru,Lima,pos,0.5,neu,5,pos,neu,0.39573704451322556,precio y catálogo,0.317,2025Q2,funcionamiento
5,2025-06-07,Compre por primera vez y quede muy conforme con todo el proceso de principio a fin.,comentario,,C-5c640f62,Peru,Lima,pos,1.0,pos,5,pos,pos,0.954089418752119,estado del producto,0.406,2025Q2,funcionamiento
2,2025-06-02,El historial de compras no muestra el detalle completo de pedidos antiguos de hace mas de un ano.,comentario,,C-519308b0,Uruguay,Montevideo,neg,-0.5,neg,2,neg,neu,-0.4950051102787256,precio y catálogo,0.418,2025Q2,estado del producto
3,2025-06-01,"El seguimiento del pedido no siempre se actualiza en tiempo real, a veces se queda igual por dos dias. Al final el paquete llego bien pero la informacion no era precisa.",comentario,,C-1054b33b,Ecuador,Manta,neu,0.0,neu,3,neu,neu,-0.45435315323993564,entrega,0.565,2025Q2,entrega
3,2025-05-24,El proceso de creacion de cuenta pide verificar el correo pero el enlace tardo en llegar.,comentario,,C-6c01fafd,Peru,Chimbote,neu,0.0,neu,1,neg,neu,-0.617713401094079,atención y soporte,0.424,2025Q2,funcionamiento
5,2025-05-10,La tienda tiene ofertas frecuentes que realmente valen la pena.,comentario,,C-0b825705,Peru,Tacna,pos,1.0,pos,5,pos,pos,0.8178261425346136,precio y catálogo,0.705,2025Q2,funcionamiento
2,2025-05-05,"Las recomendaciones de productos no tienen mucho sentido con lo que realmente compro, parecen genericas.",comentario,,C-82b05b70,Mexico,Ciudad de Mexico,neg,-0.5,neu,3,neu,neg,-0.4272756688296795,precio y catálogo,0.588,2025Q2,estado del producto
1,2025-05-04,El sitio me cerro sesion a mitad del pago y perdi el carrito completo que habia armado. Tuve que rehacer todo el pedido desde cero.,comentario,,C-6e7e30a9,Ecuador,Quito,neg,-1.0,neg,1,neg,neg,-0.9439997731242329,pagos y facturación,0.574,2025Q2,estado del producto
4,2025-04-26,"Buena variedad de opciones de envio, elegi la mas economica sin problema.",comentario,,C-f290f226,Peru,Iquitos,pos,0.5,pos,4,pos,pos,0.9363977839238942,precio y catálogo,0.571,2025Q2,entrega
2,2025-04-12,El envio se retraso mas de lo que indicaba el seguimiento del pedido.,comentario,,C-2985147b,Peru,Piura,neg,-0.5,neu,2,neg,neg,-0.5742691680788994,entrega,0.783,2025Q2,entrega
1,2025-04-07,"El sitio se desconecto varias veces durante el checkout un dia de alta demanda, tuve que reiniciar el proceso completo.",comentario,,C-da5cf8f2,Mexico,Ciudad de Mexico,neg,-1.0,neg,1,neg,neg,-0.9045027003157884,sitio web y app,0.536,2025Q2,pagos y facturación
5,2025-04-06,"Muy conforme con la transparencia de las politicas de garantia antes de comprar. Todo quedo claro desde el principio, sin letra pequena escondida.",comentario,,C-ae6ba159,Ecuador,Guayaquil,pos,1.0,pos,5,pos,pos,0.964786016033031,atención y soporte,0.463,2025Q2,atención y soporte
5,2025-03-29,El equipo de soporte fue muy paciente explicandome diferencias entre dos modelos.,comentario,,C-0b490037,Peru,Cusco,pos,1.0,pos,4,pos,pos,0.6714148260653019,atención y soporte,0.444,2025Q1,atención y soporte
4,2025-03-15,La opcion de retiro en tienda me ahorro el costo de envio en mi ultima compra.,comentario,,C-92370009,Peru,Lima,pos,0.5,pos,5,pos,neu,0.09637649357318878,pagos y facturación,0.502,2025Q1,entrega
2,2025-03-10,El servicio de asistencia por correo respondio con una plantilla generica que no resolvia mi problema especifico.,comentario,,C-b22b36b3,Ecuador,Quito,neg,-0.5,neu,1,neg,neg,-0.43629078567028046,atención y soporte,0.693,2025Q1,funcionamiento
2,2025-03-09,El precio de envio internacional me parecio elevado comparado con tiendas similares de la region. El resto del proceso de compra fue normal.,comentario,,C-79ea2bb5,Argentina,Buenos Aires,neg,-0.5,pos,2,neg,neu,-0.5250388621352613,precio y catálogo,0.583,2025Q1,entrega
5,2025-03-01,"Muy buena experiencia de compra desde el celular, todo el flujo es intuitivo.",comentario,,C-fbd66095,Uruguay,Salto,pos,1.0,pos,5,pos,pos,0.9807611990254372,sitio web y app,0.568,2025Q1,funcionamiento
3,2025-02-15,El diseno del sitio en modo oscuro tiene algunos textos dificiles de leer.,comentario,,C-519308b0,Uruguay,Montevideo,neu,0.0,neg,2,neg,neg,-0.5039641144685447,sitio web y app,0.448,2025Q1,sitio web y app
1,2025-02-10,Pedi eliminar mis datos personales segun la politica de privacidad y el proceso tardo mas de un mes en completarse.,comentario,,C-ab5a851c,Ecuador,Guayaquil,neg,-1.0,neu,1,neg,neg,-0.7849831134080887,funcionamiento,0.435,2025Q1,entrega
4,2025-02-09,Buena experiencia usando el asistente virtual para resolver dudas rapidas sobre garantia. Respondio en segundos y no tuve que esperar a un agente humano.,comentario,,C-4a3c6e9d,Argentina,Rosario,pos,0.5,neg,4,pos,pos,0.9442075793631375,atención y soporte,0.456,2025Q1,funcionamiento
4,2025-02-01,Es facil guardar productos en una lista de deseos para comprarlos despues.,comentario,,C-730fb3a5,Mexico,Monterrey,pos,0.5,pos,4,pos,neu,0.6167188482359052,precio y catálogo,0.484,2025Q1,estado del producto
5,2025-01-18,El soporte por correo fue muy claro al explicarme las opciones de financiamiento.,comentario,,C-81ab5bcf,Mexico,Monterrey,pos,1.0,pos,4,pos,pos,0.21467585116624832,atención y soporte,0.397,2025Q1,atención y soporte
2,2025-01-13,"El diseno del sitio en el celular se ve desordenado en pantallas pequenas, algunos botones quedan superpuestos.",comentario,,C-6d870432,Argentina,Cordoba,neg,-0.5,neu,2,neg,neg,-0.5657473837491125,funcionamiento,0.401,2025Q1,sitio web y app
3,2025-01-12,El registro de cuenta pide demasiados datos para algo tan simple como crear un perfil. Preferiria un proceso mas corto con la opcion de completar el resto despues.,comentario,,C-1dcb1d12,Colombia,Cartagena,neu,0.0,neg,2,neg,neu,-0.5121834548190236,sitio web y app,0.273,2025Q1,funcionamiento
1,2025-01-04,Me cobraron dos veces por error y tuve que esperar varios dias para que me reembolsaran.,comentario,,C-da5cf8f2,Mexico,Ciudad de Mexico,neg,-1.0,neg,1,neg,neg,-0.8601012756116688,pagos y facturación,0.572,2025Q1,pagos y facturación
4,2024-12-21,Buena seleccion de accesorios recomendados junto al producto principal.,comentario,,C-d7934b67,Ecuador,Guayaquil,pos,0.5,pos,4,pos,pos,0.9176190699217841,precio y catálogo,0.515,2024Q4,atención y soporte
1,2024-12-16,Intente actualizar mi metodo de pago y el sistema me mostro un error generico sin mas detalles.,comentario,,C-f83c076a,Argentina,Mendoza,neg,-1.0,pos,1,neg,neg,-0.8010242558084428,atención y soporte,0.476,2024Q4,pagos y facturación
5,2024-12-15,El programa de puntos realmente vale la pena si compras seguido en la tienda. Ya cambie puntos por un descuento en mi ultima compra y funciono sin problemas.,comentario,,C-d56e2364,Colombia,Cartagena,pos,1.0,pos,5,pos,pos,0.9104994665831327,precio y catálogo,0.604,2024Q4,funcionamiento
5,2024-12-07,El programa de puntos por compras es un buen incentivo para volver a comprar.,comentario,,C-be319824,Ecuador,Manta,pos,1.0,pos,4,pos,pos,0.8101803143508732,precio y catálogo,0.623,2024Q4,funcionamiento
3,2024-11-23,La comparacion de especificaciones tecnicas podria ser mas detallada.,comentario,,C-ab5a851c,Ecuador,Guayaquil,neu,0.0,neu,3,neu,neu,-0.04140695743262768,funcionamiento,0.322,2024Q4,entrega
2,2024-11-18,Las notificaciones push de la app llegan duplicadas casi siempre. Es bastante molesto recibir el mismo aviso dos veces.,comentario,,C-3540646f,Argentina,Buenos Aires,neg,-0.5,neu,2,neg,neg,-0.8298167967004701,sitio web y app,0.245,2024Q4,entrega
2,2024-11-17,Las fotos de un producto no coincidian del todo con el color que llego. No es un problema grave pero genera cierta desconfianza para futuras compras.,comentario,,C-df262fa5,Colombia,Medellin,neg,-0.5,neg,2,neg,neg,-0.5958784515969455,precio y catálogo,0.375,2024Q4,entrega
4,2024-11-09,El registro de cuenta fue rapido y no me pidieron datos innecesarios.,comentario,,C-d372c496,Argentina,Mendoza,pos,0.5,neu,3,neu,neu,0.030077531933784485,funcionamiento,0.368,2024Q4,pagos y facturación
5,2024-10-26,"Muy buena experiencia en general, ya es mi tienda preferida para tecnologia.",comentario,,C-f2351faf,Argentina,Buenos Aires,pos,1.0,pos,5,pos,pos,0.9671488808235154,precio y catálogo,0.508,2024Q4,funcionamiento
2,2024-10-21,El proceso de verificacion en dos pasos fallo varias veces y bloqueo temporalmente mi cuenta.,comentario,,C-ec6145f4,Colombia,Cartagena,neg,-0.5,neu,1,neg,neg,-0.9230350139550865,sitio web y app,0.63,2024Q4,funcionamiento
4,2024-10-20,Los filtros de busqueda por precio y marca funcionan muy bien juntos. Encontre rapido lo que necesitaba sin tener que revisar decenas de productos.,comentario,,C-a7191922,Chile,Antofagasta,pos,0.5,pos,4,pos,pos,0.9115990047575906,precio y catálogo,0.512,2024Q4,funcionamiento
2,2024-10-12,"El stock mostrado no siempre esta actualizado, un producto que queria ya no estaba disponible.",comentario,,C-f83c076a,Argentina,Mendoza,neg,-0.5,neg,2,neg,neg,-0.6001443564891815,precio y catálogo,0.561,2024Q4,estado del producto
4,2024-09-28,El sitio carga rapido incluso desde mi celular con datos moviles.,comentario,,C-ba5f15e0,Argentina,Cordoba,pos,0.5,pos,5,pos,neu,0.850861432030797,sitio web y app,0.472,2024Q3,funcionamiento
1,2024-09-23,"Mi cupon de bienvenida expiro antes de poder usarlo, la vigencia era demasiado corta para el tramite que exigian.",comentario,,C-36173932,Colombia,Medellin,neg,-1.0,pos,2,neg,neg,-0.6616874234750867,entrega,0.477,2024Q3,estado del producto
1,2024-09-22,Recibi un correo de confirmacion pero el pedido nunca aparecio en mi historial de compras. Tuve que llamar por telefono para confirmar que si se habia procesado.,comentario,,C-d5a794e6,Chile,Valparaiso,neg,-1.0,neg,1,neg,neu,-0.8299444080330431,atención y soporte,0.503,2024Q3,entrega
5,2024-09-14,"Recibi notificaciones claras en cada etapa de mi pedido, muy transparente el proceso.",comentario,,C-ca1ba5c6,Colombia,Barranquilla,pos,1.0,pos,5,pos,pos,0.9223790150135756,funcionamiento,0.335,2024Q3,funcionamiento
3,2024-08-31,Seria bueno tener mas filtros de busqueda por presupuesto y marca al mismo tiempo.,comentario,,C-ec6145f4,Colombia,Cartagena,neu,0.0,pos,3,neu,neu,-0.08707232028245926,precio y catálogo,0.438,2024Q3,pagos y facturación
2,2024-08-26,El tiempo de espera en la linea telefonica de soporte supero los veinte minutos en horario de oficina.,comentario,,C-c11be2be,Chile,Santiago,neg,-0.5,neu,4,pos,neu,0.3753649368882179,entrega,0.433,2024Q3,funcionamiento
3,2024-08-25,El sitio funciona bien en general pero el checkout como invitado a veces pide iniciar sesion de todas formas. Es un detalle menor pero confunde un poco.,comentario,,C-2b3451f2,Peru,Chiclayo,neu,0.0,neu,3,neu,neg,0.20739576313644648,sitio web y app,0.45,2024Q3,funcionamiento
4,2024-08-17,La seccion de resenas de otros clientes me ayudo bastante a decidir que comprar.,comentario,,C-36a5570a,Colombia,Cali,pos,0.5,pos,4,pos,pos,0.7740419385954738,precio y catálogo,0.588,2024Q3,atención y soporte
5,2024-08-03,"Me encanto poder pagar en cuotas sin intereses, facilito mucho la compra.",comentario,,C-18662e69,Colombia,Bogota,pos,1.0,pos,5,pos,pos,0.9764379875268787,pagos y facturación,0.549,2024Q3,pagos y facturación
2,2024-07-29,El formulario de contacto no envio mi mensaje la primera vez y tuve que intentarlo tres veces distintas.,comentario,,C-7b7f0c65,Chile,Concepcion,neg,-0.5,neg,1,neg,neg,-0.8680626451969147,atención y soporte,0.532,2024Q3,entrega
2,2024-07-27,El chat de soporte me transfirio tres veces a distintos agentes y tuve que repetir mi problema cada vez. Terminaron resolviendolo pero la experiencia fue frustrante.,comentario,,C-dd3ae7b2,Peru,Cusco,neg,-0.5,neg,2,neg,neg,-0.730189154855907,atención y soporte,0.657,2024Q3,atención y soporte
2,2024-07-20,El chat de soporte demoro mas de media hora en responder un dia de alta demanda.,comentario,,C-c11be2be,Chile,Santiago,neg,-0.5,neg,2,neg,neg,-0.7219470161944628,atención y soporte,0.492,2024Q3,atención y soporte
4,2024-07-06,"El historial de pedidos esta bien organizado, facil de revisar compras anteriores.",comentario,,C-07f84fec,Chile,La Serena,pos,0.5,pos,4,pos,pos,0.6820936296135187,precio y catálogo,0.411,2024Q3,pagos y facturación
1,2024-07-01,"Recibi spam de terceros despues de registrarme, sospecho que compartieron mi correo con algun socio comercial.",comentario,,C-f6730b86,Chile,Santiago,neg,-1.0,pos,1,neg,neg,-0.8404192570596933,atención y soporte,0.439,2024Q3,entrega
5,2024-06-29,"Excelente experiencia de principio a fin, desde la busqueda hasta la entrega del producto. Definitivamente seguire comprando aqui mis proximos equipos.",comentario,,C-fbe54d0e,Peru,Lima,pos,1.0,pos,5,pos,pos,0.9906896445318125,precio y catálogo,0.544,2024Q2,entrega
5,2024-06-22,Muy buena atencion cuando llame para preguntar sobre garantia extendida.,comentario,,C-40bb3c87,Chile,Valparaiso,pos,1.0,pos,5,pos,pos,0.9098179871216416,precio y catálogo,0.485,2024Q2,atención y soporte
3,2024-06-08,"El sitio se cayo un momento durante una oferta especial, tuve que reintentar la compra.",comentario,,C-f6730b86,Chile,Santiago,neu,0.0,neg,1,neg,neg,-0.7761060688644648,pagos y facturación,0.544,2024Q2,funcionamiento
2,2024-06-03,El sitio no guarda bien las preferencias de idioma y cada vez que entro tengo que cambiarlo de nuevo.,comentario,,C-24208d51,Peru,Trujillo,neg,-0.5,neg,2,neg,neg,-0.8631658317754045,sitio web y app,0.488,2024Q2,funcionamiento
2,2024-06-01,La pagina se puso lenta durante una oferta de temporada y perdi el producto que queria comprar. Deberian reforzar los servidores en fechas de alta demanda.,comentario,,C-6c01fafd,Peru,Chimbote,neg,-0.5,neg,1,neg,neg,-0.9005023459903896,sitio web y app,0.701,2024Q2,estado del producto
5,2024-05-25,"La app movil es muy fluida, mucho mejor que comprar desde el navegador.",comentario,,C-6b76f664,Peru,Piura,pos,1.0,pos,5,pos,pos,0.9506014520302415,sitio web y app,0.531,2024Q2,funcionamiento
4,2024-05-11,Me gusta que se pueda comparar precios entre modelos similares facilmente.,comentario,,C-f360d379,Peru,Cusco,pos,0.5,pos,4,pos,pos,0.7050913721323013,precio y catálogo,0.528,2024Q2,pagos y facturación
1,2024-05-06,La verificacion de identidad para mi primera compra tomo mas de tres dias habiles. Fue un proceso mas lento de lo que esperaba.,comentario,,C-7708a279,Peru,Lima,neg,-1.0,neg,2,neg,neg,-0.2802157327532768,entrega,0.465,2024Q2,estado del producto
4,2024-05-03,Buena variedad de marcas y precios competitivos frente a otras tiendas que revise antes de comprar. El unico punto negativo fue la demora en la confirmacion del pago.,comentario,,C-5cd4ee80,Peru,Huancayo,pos,0.5,pos,4,pos,neg,0.8276583041297272,precio y catálogo,0.498,2024Q2,precio y catálogo
1,2024-04-27,"Intente hacer una devolucion y el proceso fue confuso, nadie me explico bien los pasos.",comentario,,C-7708a279,Peru,Lima,neg,-1.0,pos,1,neg,neg,-0.9598251000279561,estado del producto,0.43,2024Q2,entrega
4,2024-04-13,Las fotos de los productos son claras y las descripciones bastante completas.,comentario,,C-6105a3a8,Peru,Cajamarca,pos,0.5,neu,4,pos,neu,0.7676753969863057,estado del producto,0.439,2024Q2,entrega
2,2024-04-08,El precio de un producto cambio de un dia para otro sin ninguna explicacion clara. Senti que perdi la oportunidad de una oferta real.,comentario,,C-8e60de21,Peru,Chimbote,neg,-0.5,neg,1,neg,neg,-0.8466087868437171,pagos y facturación,0.5,2024Q2,pagos y facturación
1,2024-04-05,Cancele un pedido y el reembolso tardo mas de diez dias habiles en aparecer en mi tarjeta. El soporte solo repetia que estaba en proceso sin dar una fecha concreta.,comentario,,C-a880491c,Peru,Chiclayo,neg,-1.0,neg,1,neg,neg,-0.9046271231491119,pagos y facturación,0.624,2024Q2,atención y soporte
5,2024-03-30,"Excelente variedad de marcas, encontre opciones que no tenia en otras tiendas.",comentario,,C-2b4fd520,Peru,Puno,pos,1.0,neu,5,pos,pos,0.9712408704217523,precio y catálogo,0.545,2024Q1,funcionamiento
3,2024-03-16,"La busqueda de productos podria mejorar, a veces no filtra bien por categoria.",comentario,,C-9d44f357,Peru,Huancayo,neu,0.0,pos,3,neu,neg,-0.319600997492671,precio y catálogo,0.594,2024Q1,funcionamiento
1,2024-03-11,Cancele mi cuenta y me siguieron llegando correos promocionales durante semanas. Tuve que darme de baja manualmente de cada lista.,comentario,,C-9d44f357,Peru,Huancayo,neg,-1.0,neg,1,neg,neg,-0.9592859618132934,funcionamiento,0.484,2024Q1,entrega
2,2024-03-08,"El buscador no reconoce bien los sinonimos, tuve que probar varias palabras distintas para encontrar lo que buscaba. Deberian mejorar el motor de busqueda interno.",comentario,,C-2038deff,Peru,Trujillo,neg,-0.5,neg,2,neg,neg,-0.8319404514040798,sitio web y app,0.293,2024Q1,funcionamiento
5,2024-03-02,El servicio al cliente respondio mis dudas por chat en menos de cinco minutos.,comentario,,C-c94c0407,Peru,Chiclayo,pos,1.0,pos,5,pos,neu,0.3165426030755043,atención y soporte,0.63,2024Q1,atención y soporte
2,2024-02-17,Tuve problemas para aplicar un cupon de descuento durante el checkout.,comentario,,C-8b5d7edd,Peru,Trujillo,neg,-0.5,neg,2,neg,neg,-0.563089651055634,pagos y facturación,0.727,2024Q1,pagos y facturación
2,2024-02-12,El chat en vivo estuvo caido todo un fin de semana sin ningun aviso previo. Tuve que esperar hasta el lunes para resolver mi consulta.,comentario,,C-643cd561,Peru,Piura,neg,-0.5,pos,1,neg,neg,-0.8444787072949111,atención y soporte,0.568,2024Q1,funcionamiento
1,2024-02-10,Me cobraron el envio dos veces por un error del sistema y tuve que escribir tres correos distintos para que me lo revirtieran. La solucion tardo mas de una semana en llegar.,comentario,,C-01327b99,Peru,Arequipa,neg,-1.0,neg,1,neg,neg,-0.9197468513157219,pagos y facturación,0.475,2024Q1,entrega
4,2024-02-03,"El proceso de pago con tarjeta fue rapido, solo me hubiera gustado mas metodos de pago.",comentario,,C-233a0810,Peru,Arequipa,pos,0.5,neu,3,neu,pos,-0.2908433172851801,pagos y facturación,0.509,2024Q1,funcionamiento
4,2024-01-30,Me parece justo el precio de envio comparado con otras tiendas de electronica.,comentario,,C-d75ac387,Peru,Chiclayo,pos,0.5,pos,3,neu,neu,0.3548230417072773,precio y catálogo,0.571,2024Q1,entrega
5,2024-01-20,"La pagina es muy facil de navegar, encontre lo que buscaba en pocos minutos.",comentario,,C-e0421af5,Peru,Lima,pos,1.0,pos,5,pos,pos,0.6996752861887217,sitio web y app,0.421,2024Q1,funcionamiento
1,2024-01-15,El sistema de puntos se reinicio sin explicacion despues de una actualizacion de la plataforma. Perdi el saldo acumulado de varios meses.,comentario,,C-233a0810,Peru,Arequipa,neg,-1.0,neg,2,neg,neg,-0.8363493413198739,funcionamiento,0.499,2024Q1,funcionamiento
1,2025-01-31,"Recibi el pedido incompleto, faltaba el cable de carga original del OnePlus 12 dentro de la caja. Tuve que esperar un envio adicional solo para recibir ese accesorio.",resena,10.0,C-ba5f15e0,Argentina,Cordoba,neg,-1.0,neg,1,neg,neg,-0.8127362192608416,estado del producto,0.607,2025Q1,entrega
3,2025-01-27,"El segundo cargador Belkin llego sin contratiempos, en el tiempo estimado y correctamente empacado.",resena,89.0,C-ae6ba159,Ecuador,Guayaquil,neu,0.0,neu,5,pos,pos,0.8497720593586564,estado del producto,0.417,2025Q1,entrega
5,2025-01-15,La segunda Switch Lite que regale llego perfecta y justo a tiempo para el cumpleanos que la necesitaba. Toda la experiencia de compra fue muy fluida.,resena,45.0,C-fbe54d0e,Peru,Lima,pos,1.0,pos,5,pos,pos,0.9808988185832277,funcionamiento,0.408,2025Q1,entrega
5,2025-01-11,"El segundo television TCL llego perfecto, bien empacado y sin ningun dano, muy distinto a la primera experiencia negativa.",resena,34.0,C-ebc327d1,Chile,Santiago,pos,1.0,pos,5,pos,pos,0.97891703795176,estado del producto,0.383,2025Q1,entrega
4,2026-01-24,Me confirmaron por correo la garantia de un ano del cable Anker sin ningun problema.,resena,83.0,C-7b3f6afb,Argentina,La Plata,pos,0.5,pos,5,pos,neu,0.6912848390638828,entrega,0.406,2026Q1,estado del producto
5,2025-01-07,"Los audifonos Bose se emparejaron al instante con mi telefono, cero complicaciones.",resena,23.0,C-7b3f6afb,Argentina,La Plata,pos,1.0,pos,3,neu,neu,-0.20201213657855988,estado del producto,0.391,2025Q1,funcionamiento
2,2024-12-30,"La instalacion de este segundo pedido de Family Hub se retraso otra vez, casi diez dias despues de la entrega del equipo. Deberian mejorar la coordinacion con el equipo tecnico externo.",resena,80.0,C-f360d379,Peru,Cusco,neg,-0.5,neg,2,neg,neg,-0.7497289679013193,entrega,0.513,2024Q4,entrega
3,2024-12-26,"La segunda camara instantanea llego completa y a tiempo, sin ningun inconveniente en esta ocasion.",resena,69.0,C-c180f673,Peru,Cusco,neu,0.0,pos,5,pos,pos,0.9300036136992276,estado del producto,0.492,2024Q4,entrega
5,2026-01-08,Cambiar el color de mi Marshall por otro modelo fue un proceso rapido y sin costo.,resena,28.0,C-da5cf8f2,Mexico,Ciudad de Mexico,pos,1.0,pos,4,pos,pos,0.30451931059360504,funcionamiento,0.405,2026Q1,funcionamiento
4,2024-12-22,El Amazfit se sincronizo sin problemas con la app apenas lo encendi.,resena,58.0,C-da5cf8f2,Mexico,Ciudad de Mexico,pos,0.5,pos,1,neg,pos,-0.5517357364296913,sitio web y app,0.51,2024Q4,funcionamiento
3,2024-12-14,El parlante JBL llego con un dia de retraso por un problema logistico que la propia tienda reconocio en el correo de disculpas. El producto en si llego sin ningun dano.,resena,25.0,C-8e60de21,Peru,Chimbote,neu,0.0,neg,1,neg,neg,-0.6000113673508167,entrega,0.456,2024Q4,estado del producto
2,2024-12-10,La segunda laptop HP que compre llego con la pantalla algo desalineada del chasis. Funciona bien pero se nota un ajuste imperfecto.,resena,14.0,C-fbd66095,Uruguay,Salto,neg,-0.5,neu,3,neu,neg,0.32897193543612957,funcionamiento,0.365,2024Q4,funcionamiento
4,2025-12-24,Me explicaron por chat como registrar la garantia internacional de la Canon Rebel.,resena,63.0,C-e0421af5,Peru,Lima,pos,0.5,pos,5,pos,neu,0.1324109137058258,atención y soporte,0.434,2025Q4,estado del producto
5,2024-12-06,El Galaxy S24 Ultra ya venia con la mayoria del software actualizado desde fabrica.,resena,3.0,C-e0421af5,Peru,Lima,pos,1.0,pos,2,neg,neu,-0.033379003405570984,funcionamiento,0.402,2024Q4,estado del producto
5,2024-11-29,El segundo Huawei Watch que compre llego completo con todos los accesorios esta vez. La entrega fue rapida y sin ningun contratiempo.,resena,60.0,C-d5a794e6,Chile,Valparaiso,pos,1.0,pos,5,pos,pos,0.863086149096489,funcionamiento,0.474,2024Q4,entrega
1,2024-11-24,"Recibi el pedido con los audifonos SteelSeries de un color distinto al solicitado, sin ninguna indicacion previa del cambio en el pedido.",resena,49.0,C-84bd6f0a,Argentina,Buenos Aires,neg,-1.0,neg,4,pos,neu,0.3648638650774956,estado del producto,0.378,2024Q4,entrega
3,2025-12-08,El soporte tardo en responder sobre un problema de bateria del Moto G84.,resena,8.0,C-de04a584,Ecuador,Cuenca,neu,0.0,neg,3,neu,neg,-0.2900833636522293,funcionamiento,0.561,2025Q4,estado del producto
5,2024-11-20,"Configure el Xiaomi TV en minutos, la guia impresa que trajo fue muy clara.",resena,38.0,C-de04a584,Ecuador,Cuenca,pos,1.0,pos,5,pos,pos,0.8742385827936232,funcionamiento,0.493,2024Q4,funcionamiento
4,2024-11-13,"Este segundo Redmi Note llego bien empacado y sin ningun problema, distinto a mi experiencia anterior con la primera unidad. El tiempo de entrega fue el estimado originalmente.",resena,5.0,C-b50b931a,Colombia,Bogota,pos,0.5,pos,4,pos,pos,0.945705556194298,funcionamiento,0.404,2024Q4,entrega
4,2024-11-08,"Este segundo SSD Kingston llego completo con todos los accesorios, distinto a mi primera experiencia. El envio fue rapido.",resena,84.0,C-79ea2bb5,Argentina,Buenos Aires,pos,0.5,pos,5,pos,pos,0.9673110907897353,funcionamiento,0.419,2024Q4,entrega
5,2025-11-22,Me ayudaron a activar la garantia extendida de la Xbox sin ningun costo adicional.,resena,43.0,C-d372c496,Argentina,Mendoza,pos,1.0,pos,5,pos,neu,0.9068903364241123,pagos y facturación,0.301,2025Q4,estado del producto
3,2024-11-04,El robot aspiradora llego bien pero tuve que configurar el wifi manualmente sin ayuda de la app.,resena,73.0,C-d372c496,Argentina,Mendoza,neu,0.0,neu,3,neu,neg,-0.02638072520494461,funcionamiento,0.406,2024Q4,entrega
2,2024-10-28,El segundo Samsung The Frame que compre llego con un pixel muerto visible en la esquina superior de la pantalla. Estoy a la espera de que aprueben el cambio por un equipo nuevo.,resena,40.0,C-9d44f357,Peru,Huancayo,neg,-0.5,neg,1,neg,neu,-0.531699288636446,funcionamiento,0.344,2024Q4,entrega
2,2024-10-23,El segundo pedido de audifonos Sennheiser llego con retraso durante una fecha de alta demanda sin ninguna notificacion previa del cambio.,resena,29.0,C-20873b5a,Chile,Santiago,neg,-0.5,neg,1,neg,neg,-0.6364133059978485,entrega,0.548,2024Q4,entrega
4,2025-11-06,Resolvieron mi consulta sobre el hervidor Xiaomi mediante un video explicativo por correo.,resena,78.0,C-46b5dfbb,Uruguay,Salto,pos,0.5,pos,1,neg,neu,0.10713893175125122,atención y soporte,0.376,2025Q4,entrega
4,2024-10-19,Segunda vez que compro una Acer Aspire y de nuevo llego rapido y en perfecto estado.,resena,18.0,C-46b5dfbb,Uruguay,Salto,pos,0.5,pos,5,pos,pos,0.979721532901749,estado del producto,0.42,2024Q4,estado del producto
4,2024-10-12,El kit Philips Hue llego completo pero la caja exterior mostraba senales de haber sido abierta antes del envio. El contenido interno estaba intacto y sellado.,resena,75.0,C-52896363,Peru,Piura,pos,0.5,neg,2,neg,neu,-0.7587364255450666,estado del producto,0.509,2024Q4,estado del producto
3,2024-10-08,"La GoPro llego a tiempo aunque la caja no traia el sello de garantia visible, tuve que pedirlo por correo para confirmar la cobertura.",resena,64.0,C-a880491c,Peru,Chiclayo,neu,0.0,neu,3,neu,neu,-0.3473661318421364,entrega,0.468,2024Q4,entrega
5,2025-10-21,El equipo de soporte reemplazo rapido un cable defectuoso de mis audifonos Bose.,resena,23.0,C-a886af4f,Mexico,Guadalajara,pos,1.0,neg,5,pos,neu,0.4185536429286003,estado del producto,0.319,2025Q4,atención y soporte
5,2024-10-03,El Galaxy Watch6 llego antes de la fecha limite que me habian prometido.,resena,53.0,C-a886af4f,Mexico,Guadalajara,pos,1.0,pos,3,neu,neu,-0.144387349486351,entrega,0.357,2024Q4,entrega
3,2024-09-26,La ThinkPad llego con el cargador de un modelo distinto al de la laptop. Tras el reclamo me enviaron el cargador correcto en un par de dias adicionales.,resena,20.0,C-d79dfb3c,Colombia,Bogota,neu,0.0,neg,3,neu,neu,-0.02577647566795349,atención y soporte,0.376,2024Q3,entrega
1,2024-09-22,"El telefono llego usado, con marcas de uso en la pantalla que no correspondian a un equipo nuevo segun la orden de compra. Reclame de inmediato con fotos.",resena,9.0,C-818447cd,Ecuador,Manta,neg,-1.0,neg,1,neg,neu,-0.3886285722255707,funcionamiento,0.398,2024Q3,estado del producto
4,2025-10-05,Me orientaron bien sobre como sincronizar el Amazfit con Google Fit.,resena,58.0,C-54449aaa,Peru,Tacna,pos,0.5,pos,4,pos,pos,0.5238435426726937,funcionamiento,0.454,2025Q4,funcionamiento
4,2024-09-17,El disco WD Blue llego bien protegido contra golpes con plastico de burbuja.,resena,88.0,C-54449aaa,Peru,Tacna,pos,0.5,pos,4,pos,neu,0.6749121639877558,estado del producto,0.351,2024Q3,entrega
1,2024-09-10,"El Garmin Fenix 7 llego usado, con marcas de uso evidentes en la correa a pesar de estar marcado como nuevo. Tuve que iniciar un reclamo formal para conseguir el reemplazo correcto.",resena,55.0,C-ca1ba5c6,Colombia,Barranquilla,neg,-1.0,neg,1,neg,neg,-0.511214779689908,funcionamiento,0.256,2024Q3,entrega
2,2024-09-06,La consola llego con un Joy-Con que no respondia bien desde el primer uso. Tuve que gestionar el cambio de esa pieza especifica.,resena,44.0,C-6c01fafd,Peru,Chimbote,neg,-0.5,neg,2,neg,neg,-0.7755747851915658,atención y soporte,0.438,2024Q3,funcionamiento
5,2025-09-19,El servicio postventa fue excelente cuando pregunte por accesorios compatibles con mi Galaxy S24.,resena,3.0,C-e0421af5,Peru,Lima,pos,1.0,pos,5,pos,pos,0.6757849007844925,funcionamiento,0.497,2025Q3,atención y soporte
5,2024-09-02,"El Sony Bravia A80L llego con instalacion coordinada por la tienda, muy buen servicio.",resena,33.0,C-e0421af5,Peru,Lima,pos,1.0,pos,5,pos,pos,0.9606728900689632,funcionamiento,0.368,2024Q3,entrega
5,2024-08-25,"La webcam Logitech llego al dia siguiente de realizar el pedido. Todo llego completo, con caja original y sellada.",resena,90.0,C-24208d51,Peru,Trujillo,pos,1.0,pos,1,neg,neu,-0.03354855626821518,funcionamiento,0.367,2024Q3,entrega
3,2024-08-21,"La olla Instant Pot llego completa, el unico inconveniente fue que el curier toco el timbre solo una vez y casi no la recibo.",resena,79.0,C-8b5d7edd,Peru,Trujillo,neu,0.0,neg,3,neu,neg,-0.20731633063405752,funcionamiento,0.469,2024Q3,entrega
3,2025-09-03,"Tuve que contactar soporte porque el TV no encontraba mi red wifi, lo resolvieron por chat.",resena,38.0,C-e5665d1d,Mexico,Guadalajara,neu,0.0,neg,1,neg,neu,-0.5936024989932775,atención y soporte,0.51,2025Q3,atención y soporte
4,2024-08-17,"La Nikon Z50 llego completa con cargador y correa, todo en orden.",resena,68.0,C-e5665d1d,Mexico,Guadalajara,pos,0.5,pos,5,pos,neu,0.9380907528102398,funcionamiento,0.46,2024Q3,entrega
4,2024-08-09,El television Hisense llego bien protegido con espuma adicional en las esquinas. Solo tuve que esperar un poco mas de lo normal para coordinar la entrega en un cuarto piso sin ascensor.,resena,35.0,C-c0312475,Chile,La Serena,pos,0.5,neg,4,pos,neu,0.5576038891449571,estado del producto,0.379,2024Q3,entrega
2,2024-08-05,El parlante JBL llego sin el cable de carga incluido en la caja. Tuve que reclamar por separado para que me lo enviaran.,resena,24.0,C-94282877,Peru,Lima,neg,-0.5,neu,1,neg,neg,-0.7857980886474252,estado del producto,0.448,2024Q3,entrega
4,2025-08-18,El soporte me ayudo por telefono a resolver un error de conexion del robot aspiradora.,resena,73.0,C-4bffad39,Mexico,Ciudad de Mexico,pos,0.5,neu,5,pos,neu,0.6629354767501354,atención y soporte,0.48,2025Q3,atención y soporte
5,2024-08-01,"La Dell XPS 13 llego con embalaje reforzado, se nota que cuidan los equipos de gama alta.",resena,13.0,C-4bffad39,Mexico,Ciudad de Mexico,pos,1.0,pos,4,pos,pos,0.6960792317986488,funcionamiento,0.421,2024Q3,entrega
2,2024-07-24,La Insta360 X4 llego con dos dias de retraso durante una fecha de alta demanda. El curier no dejo ninguna notificacion del nuevo horario de entrega.,resena,70.0,C-82b05b70,Mexico,Ciudad de Mexico,neg,-0.5,neg,1,neg,neg,-0.7584205809980631,entrega,0.637,2024Q3,entrega
1,2024-07-20,"El Garmin Venu 3 llego con la pantalla ya rayada, algo que no correspondia a un producto nuevo. Estoy esperando la respuesta del reclamo por garantia.",resena,59.0,C-1b3fcf09,Ecuador,Quito,neg,-1.0,neg,1,neg,neg,-0.7409857325255871,funcionamiento,0.334,2024Q3,estado del producto
5,2025-08-02,"Cuando tuve una duda sobre la garantia de la Acer, me respondieron el mismo dia.",resena,18.0,C-d75ac387,Peru,Chiclayo,pos,1.0,pos,1,neg,neu,-0.3598392754793167,pagos y facturación,0.448,2025Q3,estado del producto
3,2024-07-16,Los HyperX Cloud II llegaron bien pero el seguimiento del pedido no se actualizo a tiempo.,resena,48.0,C-d75ac387,Peru,Chiclayo,neu,0.0,neu,3,neu,neg,-0.16255985107272863,entrega,0.445,2024Q3,entrega
3,2024-07-08,La Lenovo IdeaPad llego con un rayon leve en la tapa superior que no se veia en las fotos del producto. Fuera de eso el equipo funciona perfectamente.,resena,15.0,C-e669618c,Chile,Santiago,neu,0.0,neg,3,neu,neu,-0.1484968066215515,funcionamiento,0.477,2024Q3,funcionamiento
3,2024-07-04,"El Galaxy A55 llego en la fecha estimada, la caja se veia algo usada pero el telefono estaba perfecto y sellado.",resena,4.0,C-aecfd049,Chile,Concepcion,neu,0.0,pos,4,pos,neu,0.6707950755953789,funcionamiento,0.441,2024Q3,estado del producto
5,2026-08-04,"Los Bose siguen con excelente cancelacion de ruido, la mejor compra para mis vuelos frecuentes.",resena,23.0,C-ec6145f4,Colombia,Cartagena,pos,1.0,pos,5,pos,pos,0.977771136444062,precio y catálogo,0.293,2026Q3,funcionamiento
5,2025-07-17,El Galaxy Watch se sincronizo con mi telefono en segundos apenas lo active.,resena,53.0,C-ec6145f4,Colombia,Cartagena,pos,1.0,pos,1,neg,neu,-0.9046368291601539,funcionamiento,0.457,2025Q3,funcionamiento
4,2024-06-30,"El cable Anker llego junto con otros productos de mi pedido, todo en un solo envio.",resena,83.0,C-ec6145f4,Colombia,Cartagena,pos,0.5,pos,1,neg,neu,-0.5865831188857555,precio y catálogo,0.308,2024Q2,entrega
5,2024-06-22,El Razer Kishi V2 llego perfectamente empacado y antes de la fecha estimada. La experiencia de compra y entrega fue impecable de principio a fin.,resena,50.0,C-4aebaa21,Colombia,Cali,pos,1.0,neu,5,pos,pos,0.9790089124580845,estado del producto,0.488,2024Q2,entrega
2,2024-06-18,El television Sony llego bien mas la instalacion de la base tardo mas de una semana en coordinarse con el equipo tecnico.,resena,39.0,C-f2351faf,Argentina,Buenos Aires,neg,-0.5,neg,3,neu,neu,-0.06397448107600212,funcionamiento,0.326,2024Q2,entrega
4,2026-07-19,El Amazfit sigue midiendo bien mis entrenamientos despues de varios meses de uso diario.,resena,58.0,C-2038deff,Peru,Trujillo,pos,0.5,pos,4,pos,pos,0.7837064312770963,funcionamiento,0.342,2026Q3,funcionamiento
4,2025-07-01,"El disco WD Blue funciono de inmediato al conectarlo, sin necesidad de formatear.",resena,88.0,C-2038deff,Peru,Trujillo,pos,0.5,pos,4,pos,neu,0.7228719405829906,funcionamiento,0.556,2025Q3,funcionamiento
5,2024-06-14,"El parlante Marshall llego en menos de 48 horas, muy conforme con la rapidez.",resena,28.0,C-2038deff,Peru,Trujillo,pos,1.0,pos,5,pos,pos,0.934163870755583,entrega,0.356,2024Q2,entrega
2,2024-06-06,"El SSD Samsung T7 llego con el cable USB-C incorrecto dentro de la caja, uno que no era compatible con el puerto del disco. Tuve que comprar un cable aparte mientras resolvian el reclamo.",resena,85.0,C-92370009,Peru,Lima,neg,-0.5,neg,1,neg,neg,-0.8040577387437224,pagos y facturación,0.365,2024Q2,entrega
3,2024-06-02,El robot aspiradora llego completo aunque el manual venia en ingles a pesar de haberlo pedido en un sitio en espanol.,resena,74.0,C-fbe54d0e,Peru,Lima,neu,0.0,pos,3,neu,neu,-0.2941939942538738,funcionamiento,0.312,2024Q2,entrega
5,2026-07-03,Definitivamente el Galaxy S24 Ultra fue la mejor compra de tecnologia que hice este ano.,resena,3.0,C-e0421af5,Peru,Lima,pos,1.0,pos,5,pos,pos,0.9853320216061547,funcionamiento,0.377,2026Q3,atención y soporte
5,2025-06-15,La instalacion del Sony Bravia estuvo lista en menos de una hora gracias al tecnico.,resena,33.0,C-e0421af5,Peru,Lima,pos,1.0,pos,1,neg,pos,-0.5186182968318462,funcionamiento,0.337,2025Q2,estado del producto
4,2024-05-29,"La Canon Rebel T7 llego a tiempo, el courier fue muy amable al entregarla.",resena,63.0,C-e0421af5,Peru,Lima,pos,0.5,pos,5,pos,pos,0.8747868910431862,entrega,0.525,2024Q2,entrega
4,2024-05-21,Los JBL Tune 510BT llegaron bien empacados junto con el resto de mi pedido. El unico detalle menor fue que el manual venia doblado dentro de la caja.,resena,30.0,C-3d1a1491,Mexico,Monterrey,pos,0.5,pos,4,pos,neu,0.7829670041101053,estado del producto,0.408,2024Q2,entrega
1,2024-05-17,La laptop gamer llego con la caja visiblemente golpeada en una esquina y una pequena abolladura en la tapa del equipo. Ya inicie el proceso de cambio.,resena,19.0,C-36173932,Colombia,Medellin,neg,-1.0,neg,1,neg,neg,-0.8080379469320178,estado del producto,0.447,2024Q2,entrega
5,2026-06-17,El Xiaomi TV sigue con buena imagen y el sistema no se ha vuelto lento con el tiempo.,resena,38.0,C-f360d379,Peru,Cusco,pos,1.0,pos,4,pos,pos,0.8289978213142604,funcionamiento,0.475,2026Q2,funcionamiento
4,2025-05-30,La Nikon Z50 fue facil de configurar siguiendo los videos tutoriales de la marca.,resena,68.0,C-f360d379,Peru,Cusco,pos,0.5,pos,4,pos,neu,0.7377146985381842,sitio web y app,0.461,2025Q2,funcionamiento
2,2024-05-13,"El Moto G84 llego con la caja abierta, aunque el equipo en si estaba en buen estado.",resena,8.0,C-f360d379,Peru,Cusco,neg,-0.5,neu,3,neu,neu,-0.25218684412539005,estado del producto,0.275,2024Q2,estado del producto
3,2024-05-05,La DJI Osmo Action 4 llego en la fecha estimada pero el seguimiento del pedido nunca se actualizo correctamente en la web. Al final no hubo ningun problema con el producto en si.,resena,65.0,C-23fc37d0,Argentina,Rosario,neu,0.0,neu,3,neu,neu,-0.319212656468153,entrega,0.423,2024Q2,entrega
2,2024-05-01,El reloj Garmin llego con la correa de un color distinto al que aparecia en las fotos del producto. El equipo en si funciona correctamente.,resena,54.0,C-07f84fec,Chile,La Serena,neg,-0.5,neg,4,pos,neu,0.6474683219566941,funcionamiento,0.466,2024Q2,funcionamiento
3,2026-06-01,El robot aspiradora funciona bien pero el filtro se ensucia mas rapido de lo que esperaba.,resena,73.0,C-d372c496,Argentina,Mendoza,neu,0.0,neu,3,neu,neg,-0.11330956965684891,funcionamiento,0.441,2026Q2,funcionamiento
5,2025-05-14,La Dell XPS vino con Windows ya activado y listo para trabajar desde el primer encendido.,resena,13.0,C-d372c496,Argentina,Mendoza,pos,1.0,pos,5,pos,neu,0.7101809494197369,funcionamiento,0.41,2025Q2,funcionamiento
5,2024-04-27,La Xbox Series X llego muy bien protegida con espuma adicional dentro de la caja.,resena,43.0,C-d372c496,Argentina,Mendoza,pos,1.0,pos,5,pos,pos,0.9272115863859653,estado del producto,0.375,2024Q2,entrega
1,2024-04-19,El OnePlus 12 que recibi no coincidia con el color que habia pedido en el pedido original. Tuve que devolverlo y esperar el cambio por el modelo correcto.,resena,10.0,C-20873b5a,Chile,Santiago,neg,-1.0,neg,1,neg,neg,-0.8100051204673946,estado del producto,0.375,2024Q2,entrega
3,2024-04-15,"El cargador Belkin llego sin contratiempos, aunque tarde un par de dias mas de lo que indicaba el estimado inicial.",resena,89.0,C-46b5dfbb,Uruguay,Salto,neu,0.0,neu,1,neg,neu,-0.6266406420618296,entrega,0.49,2024Q2,entrega
4,2026-05-16,La Acer Aspire sigue rindiendo bien para mis clases virtuales despues de meses de uso.,resena,18.0,C-f8d6da79,Ecuador,Cuenca,pos,0.5,pos,4,pos,pos,0.7882944932207465,funcionamiento,0.318,2026Q2,funcionamiento
4,2025-04-29,Los HyperX se configuraron rapido con el software de audio de mi PC.,resena,48.0,C-f8d6da79,Ecuador,Cuenca,pos,0.5,pos,5,pos,neu,0.9040974583476782,funcionamiento,0.399,2025Q2,funcionamiento
4,2024-04-11,"El hervidor Xiaomi llego completo, solo el manual venia en ingles y no en espanol.",resena,78.0,C-f8d6da79,Ecuador,Cuenca,pos,0.5,pos,1,neg,neu,-0.45961251109838486,sitio web y app,0.196,2024Q2,entrega
5,2024-04-04,"La Switch Lite llego al dia siguiente de comprarla, mas rapido de lo que esperaba. Todo llego completo y en perfecto estado.",resena,45.0,C-a880491c,Peru,Chiclayo,pos,1.0,pos,5,pos,pos,0.976160260848701,funcionamiento,0.436,2024Q2,estado del producto
1,2024-03-30,"El television TCL llego con la pantalla rota, visible apenas se abrio la caja pese a que el empaque exterior se veia intacto. Inicie el reclamo el mismo dia.",resena,34.0,C-b22b36b3,Ecuador,Quito,neg,-1.0,neg,1,neg,neg,-0.8895778320729733,estado del producto,0.476,2024Q1,estado del producto
5,2026-04-30,"El Galaxy Watch se ha vuelto parte de mi rutina diaria, muy satisfecho con la compra.",resena,53.0,C-6c01fafd,Peru,Chimbote,pos,1.0,pos,5,pos,pos,0.9667954520555213,funcionamiento,0.42,2026Q2,estado del producto
4,2025-04-13,"El cable Anker funciono perfecto desde que lo saque de la caja, sin defectos.",resena,83.0,C-6c01fafd,Peru,Chimbote,pos,0.5,pos,5,pos,pos,0.9349057925865054,estado del producto,0.482,2025Q2,funcionamiento
5,2024-03-26,"Los Bose QuietComfort llegaron en caja resistente, se nota el cuidado en el empaque.",resena,23.0,C-6c01fafd,Peru,Chimbote,pos,1.0,pos,4,pos,pos,0.849342071916908,estado del producto,0.352,2024Q1,entrega
2,2024-03-19,La instalacion de la Samsung Family Hub se coordino con dos semanas de demora desde la entrega del equipo. El tecnico finalmente hizo un buen trabajo pero la espera fue larga.,resena,80.0,C-fbd66095,Uruguay,Salto,neg,-0.5,neg,4,pos,pos,0.3465102054178715,entrega,0.46,2024Q1,entrega
3,2024-03-14,"La camara instantanea llego a tiempo, el empaque estaba en buen estado aunque algo genérico para un producto de regalo.",resena,69.0,C-7708a279,Peru,Lima,neu,0.0,pos,4,pos,pos,0.5969966338016093,entrega,0.613,2024Q1,estado del producto
4,2026-04-14,El disco WD Blue no ha dado ningun problema desde que lo instale.,resena,88.0,C-4a3c6e9d,Argentina,Rosario,pos,0.5,pos,5,pos,neu,0.8764050463214517,estado del producto,0.382,2026Q2,funcionamiento
5,2025-03-28,El parlante Marshall se conecto por bluetooth sin ningun inconveniente desde el primer intento.,resena,28.0,C-4a3c6e9d,Argentina,Rosario,pos,1.0,pos,5,pos,neu,0.7359326109290123,funcionamiento,0.338,2025Q1,funcionamiento
3,2024-03-10,El Amazfit GTS 4 Mini llego con un dia de retraso frente a la fecha estimada.,resena,58.0,C-4a3c6e9d,Argentina,Rosario,neu,0.0,pos,4,pos,neu,0.4882528707385063,entrega,0.593,2024Q1,entrega
4,2024-03-03,"El JBL Charge 5 llego bien empacado, solo con un dia de retraso frente a la fecha estimada original. El equipo en si llego en perfecto estado.",resena,25.0,C-98365475,Peru,Cajamarca,pos,0.5,neu,4,pos,pos,0.5560887269675732,entrega,0.439,2024Q1,estado del producto
2,2024-02-27,La laptop HP llego con un dia de retraso adicional despues de que el courier reprogramara la entrega sin avisarme primero.,resena,14.0,C-40bb3c87,Chile,Valparaiso,neg,-0.5,neg,1,neg,neg,-0.40458323433995247,entrega,0.51,2024Q1,entrega
5,2026-03-29,"El Sony Bravia sigue con una imagen impecable, definitivamente repetiria la compra.",resena,33.0,C-e0421af5,Peru,Lima,pos,1.0,pos,5,pos,pos,0.9221894014626741,funcionamiento,0.439,2026Q1,estado del producto
4,2025-03-12,La Canon Rebel fue sencilla de configurar siguiendo el manual incluido.,resena,63.0,C-e0421af5,Peru,Lima,pos,0.5,pos,4,pos,neu,0.7089941911399364,funcionamiento,0.366,2025Q1,funcionamiento
5,2024-02-23,El Galaxy S24 Ultra llego perfectamente sellado y con todos los accesorios originales.,resena,3.0,C-e0421af5,Peru,Lima,pos,1.0,pos,5,pos,pos,0.9754574471153319,funcionamiento,0.461,2024Q1,entrega
3,2024-02-16,El Huawei Watch GT 4 llego a tiempo pero sin el cable de carga dentro de la caja. Tuve que reclamar por separado para que me lo enviaran.,resena,60.0,C-6105a3a8,Peru,Cajamarca,neu,0.0,neg,3,neu,neg,-0.35994528234004974,pagos y facturación,0.308,2024Q1,entrega
3,2024-02-12,Los audifonos SteelSeries llegaron completos aunque el seguimiento del envio se quedo congelado por dos dias sin actualizarse.,resena,49.0,C-67dc5f41,Uruguay,Montevideo,neu,0.0,neu,2,neg,neg,-0.5029811998829246,funcionamiento,0.415,2024Q1,entrega
4,2026-03-13,La Nikon Z50 cumplio todas mis expectativas para fotografia de viajes.,resena,68.0,C-be319824,Ecuador,Manta,pos,0.5,pos,5,pos,pos,0.8996090793516487,funcionamiento,0.361,2026Q1,entrega
3,2025-02-24,El Moto G84 necesito varias actualizaciones antes de poder usarlo con normalidad.,resena,8.0,C-be319824,Ecuador,Manta,neu,0.0,neg,3,neu,neg,-0.3248014282435179,funcionamiento,0.272,2025Q1,estado del producto
5,2024-02-07,"El Xiaomi TV A Pro llego antes de lo estimado, muy buena coordinacion de envio.",resena,38.0,C-be319824,Ecuador,Manta,pos,1.0,pos,5,pos,pos,0.9538810192607343,funcionamiento,0.437,2024Q1,entrega
1,2024-01-31,El Redmi Note 13 Pro llego con la caja visiblemente aplastada y un golpe en una esquina de la pantalla. Tuve que iniciar un proceso de cambio que tardo mas de una semana en resolverse.,resena,5.0,C-42c83184,Peru,Iquitos,neg,-1.0,neg,1,neg,neg,-0.882091453531757,estado del producto,0.503,2024Q1,estado del producto
1,2024-01-27,El SSD Kingston llego sin el tornillo de montaje que se menciona en la descripcion. Tuve que comprar uno aparte en una ferreteria para poder instalarlo.,resena,84.0,C-a7f75503,Uruguay,Punta del Este,neg,-1.0,neg,1,neg,neg,-0.702189645729959,estado del producto,0.362,2024Q1,entrega
5,2026-02-25,La Dell XPS 13 sigue funcionando perfecta despues de varios meses de uso intensivo.,resena,13.0,C-2b4fd520,Peru,Puno,pos,1.0,pos,5,pos,pos,0.9750208121258765,funcionamiento,0.451,2026Q1,funcionamiento
5,2025-02-08,"La Xbox se actualizo sola apenas la conecte a internet, lista para jugar en poco tiempo.",resena,43.0,C-2b4fd520,Peru,Puno,pos,1.0,neu,2,neg,neu,-0.6158179454505444,sitio web y app,0.299,2025Q1,estado del producto
4,2024-01-22,"El robot Xiaomi X10+ llego a tiempo, aunque la caja venia algo maltratada por fuera.",resena,73.0,C-2b4fd520,Peru,Puno,pos,0.5,neu,3,neu,neg,0.2505416823551059,funcionamiento,0.418,2024Q1,estado del producto
2,2024-01-15,El Samsung The Frame llego tres dias despues de la fecha estimada sin ninguna notificacion previa del retraso. Cuando escribi a soporte recien me confirmaron el nuevo tiempo de entrega.,resena,40.0,C-5cd4ee80,Peru,Huancayo,neg,-0.5,neg,1,neg,neg,-0.6991354916244745,entrega,0.475,2024Q1,entrega
2,2024-01-11,"Los audifonos Sennheiser llegaron con la caja exterior humeda, parece que estuvo expuesta a lluvia durante el transporte. El producto en si no sufrio dano.",resena,29.0,C-6b76f664,Peru,Piura,neg,-0.5,neg,2,neg,neg,-0.3741075564175844,estado del producto,0.497,2024Q1,estado del producto
5,2026-02-09,"Despues de meses de uso, sigo muy conforme con mis HyperX Cloud II, volveria a comprar la marca.",resena,48.0,C-de21d9b1,Argentina,Rosario,pos,1.0,pos,5,pos,pos,0.8367863055318594,funcionamiento,0.312,2026Q1,estado del producto
4,2025-01-23,"El hervidor Xiaomi fue facil de configurar con la app, en minutos ya lo estaba usando.",resena,78.0,C-de21d9b1,Argentina,Rosario,pos,0.5,pos,4,pos,pos,0.40332556515932083,sitio web y app,0.609,2025Q1,funcionamiento
5,2024-01-07,"Mi Acer Aspire 5 llego en dos dias habiles, muy bien empacada y sin ningun golpe.",resena,18.0,C-de21d9b1,Argentina,Rosario,pos,1.0,pos,5,pos,pos,0.9784409359563142,estado del producto,0.339,2024Q1,estado del producto
